{
	"credit": "Made with Blockbench",
	"texture_size": [32, 32],
	"textures": {
		"3": "optifine/cit/lightsabers/handles/anakin",
		"particle": "optifine/cit/lightsabers/handles/anakin"
	},
	"elements": [
		{
			"from": [6.5, -7, 6.5],
			"to": [9.5, -2, 9.5],
			"rotation": {"angle": 0, "axis": "y", "origin": [8, 0.25, 7.75]},
			"faces": {
				"north": {"uv": [1.5, 1.5, 3, 4], "texture": "#3"},
				"east": {"uv": [0, 1.5, 1.5, 4], "texture": "#3"},
				"south": {"uv": [4.5, 1.5, 6, 4], "texture": "#3"},
				"west": {"uv": [3, 1.5, 4.5, 4], "texture": "#3"},
				"up": {"uv": [3, 1.5, 1.5, 0], "texture": "#3"},
				"down": {"uv": [4.5, 0, 3, 1.5], "texture": "#3"}
			}
		},
		{
			"from": [7.5, -5, 9.5],
			"to": [8.5, -4, 10.5],
			"rotation": {"angle": 0, "axis": "y", "origin": [8, -2.5, 8]},
			"faces": {
				"north": {"uv": [8, 8, 8.5, 8.5], "texture": "#3"},
				"east": {"uv": [7.5, 8, 8, 8.5], "texture": "#3"},
				"south": {"uv": [9, 8, 9.5, 8.5], "texture": "#3"},
				"west": {"uv": [8.5, 8, 9, 8.5], "texture": "#3"},
				"up": {"uv": [8.5, 8, 8, 7.5], "texture": "#3"},
				"down": {"uv": [9, 7.5, 8.5, 8], "texture": "#3"}
			}
		},
		{
			"from": [7.5, -3, 5.5],
			"to": [8.5, -2, 6.5],
			"rotation": {"angle": 0, "axis": "y", "origin": [8, -2.5, 8]},
			"faces": {
				"north": {"uv": [8, 8, 8.5, 8.5], "texture": "#3"},
				"east": {"uv": [7.5, 8, 8, 8.5], "texture": "#3"},
				"south": {"uv": [9, 8, 9.5, 8.5], "texture": "#3"},
				"west": {"uv": [8.5, 8, 9, 8.5], "texture": "#3"},
				"up": {"uv": [8.5, 8, 8, 7.5], "texture": "#3"},
				"down": {"uv": [9, 7.5, 8.5, 8], "texture": "#3"}
			}
		},
		{
			"from": [7, -2, 7],
			"to": [9, 0, 9],
			"rotation": {"angle": 0, "axis": "y", "origin": [8, 0.25, 7.75]},
			"faces": {
				"north": {"uv": [7, 6.5, 8, 7.5], "texture": "#3"},
				"east": {"uv": [6, 6.5, 7, 7.5], "texture": "#3"},
				"south": {"uv": [9, 6.5, 10, 7.5], "texture": "#3"},
				"west": {"uv": [8, 6.5, 9, 7.5], "texture": "#3"},
				"up": {"uv": [8, 6.5, 7, 5.5], "texture": "#3"},
				"down": {"uv": [9, 5.5, 8, 6.5], "texture": "#3"}
			}
		},
		{
			"from": [9.5, -2, 6.5],
			"to": [9.5, 0, 7.5],
			"rotation": {"angle": 0, "axis": "y", "origin": [8, -2.5, 8]},
			"faces": {
				"north": {"uv": [0.5, 0.5, 0.5, 1.5], "texture": "#3"},
				"east": {"uv": [0, 0.5, 0.5, 1.5], "texture": "#3"},
				"south": {"uv": [1, 0.5, 1, 1.5], "texture": "#3"},
				"west": {"uv": [0.5, 0.5, 1, 1.5], "texture": "#3"},
				"up": {"uv": [0.5, 0.5, 0.5, 0], "texture": "#3"},
				"down": {"uv": [0.5, 0, 0.5, 0.5], "texture": "#3"}
			}
		},
		{
			"from": [6.5, -2, 6.5],
			"to": [6.5, 0, 7.5],
			"rotation": {"angle": 0, "axis": "y", "origin": [8, -2.5, 8]},
			"faces": {
				"north": {"uv": [0.5, 0.5, 0.5, 1.5], "texture": "#3"},
				"east": {"uv": [0, 0.5, 0.5, 1.5], "texture": "#3"},
				"south": {"uv": [1, 0.5, 1, 1.5], "texture": "#3"},
				"west": {"uv": [0.5, 0.5, 1, 1.5], "texture": "#3"},
				"up": {"uv": [0.5, 0.5, 0.5, 0], "texture": "#3"},
				"down": {"uv": [0.5, 0, 0.5, 0.5], "texture": "#3"}
			}
		},
		{
			"from": [6.5, -2, 7.5],
			"to": [6.5, -1, 8.5],
			"rotation": {"angle": 0, "axis": "y", "origin": [8, -2.5, 8]},
			"faces": {
				"north": {"uv": [0.5, 4.5, 0.5, 5], "texture": "#3"},
				"east": {"uv": [0, 4.5, 0.5, 5], "texture": "#3"},
				"south": {"uv": [1, 4.5, 1, 5], "texture": "#3"},
				"west": {"uv": [0.5, 4.5, 1, 5], "texture": "#3"},
				"up": {"uv": [0.5, 4.5, 0.5, 4], "texture": "#3"},
				"down": {"uv": [0.5, 4, 0.5, 4.5], "texture": "#3"}
			}
		},
		{
			"from": [9.5, -2, 7.5],
			"to": [9.5, -1, 8.5],
			"rotation": {"angle": 0, "axis": "y", "origin": [8, -2.5, 8]},
			"faces": {
				"north": {"uv": [0.5, 4.5, 0.5, 5], "texture": "#3"},
				"east": {"uv": [0, 4.5, 0.5, 5], "texture": "#3"},
				"south": {"uv": [1, 4.5, 1, 5], "texture": "#3"},
				"west": {"uv": [0.5, 4.5, 1, 5], "texture": "#3"},
				"up": {"uv": [0.5, 4.5, 0.5, 4], "texture": "#3"},
				"down": {"uv": [0.5, 4, 0.5, 4.5], "texture": "#3"}
			}
		},
		{
			"from": [6.5, -2, 6.5],
			"to": [9.5, 1, 6.5],
			"rotation": {"angle": 0, "axis": "y", "origin": [8, -2.5, 8]},
			"faces": {
				"north": {"uv": [4.5, 0, 6, 1.5], "texture": "#3"},
				"east": {"uv": [4.5, 0, 4.5, 1.5], "texture": "#3"},
				"south": {"uv": [6, 0, 7.5, 1.5], "texture": "#3"},
				"west": {"uv": [6, 0, 6, 1.5], "texture": "#3"},
				"up": {"uv": [6, 0, 4.5, 0], "texture": "#3"},
				"down": {"uv": [7.5, 0, 6, 0], "texture": "#3"}
			}
		},
		{
			"from": [8.5, -1, 5.5],
			"to": [8.5, 0, 6.5],
			"rotation": {"angle": 0, "axis": "y", "origin": [8, -2.5, 8]},
			"faces": {
				"north": {"uv": [0.5, 4, 0.5, 4.5], "texture": "#3"},
				"east": {"uv": [0, 4, 0.5, 4.5], "texture": "#3"},
				"south": {"uv": [1, 4, 1, 4.5], "texture": "#3"},
				"west": {"uv": [0.5, 4, 1, 4.5], "texture": "#3"},
				"up": {"uv": [0.5, 4, 0.5, 3.5], "texture": "#3"},
				"down": {"uv": [0.5, 3.5, 0.5, 4], "texture": "#3"}
			}
		},
		{
			"from": [7.5, -1, 5.5],
			"to": [7.5, 0, 6.5],
			"rotation": {"angle": 0, "axis": "y", "origin": [8, -2.5, 8]},
			"faces": {
				"north": {"uv": [0.5, 4, 0.5, 4.5], "texture": "#3"},
				"east": {"uv": [0, 4, 0.5, 4.5], "texture": "#3"},
				"south": {"uv": [1, 4, 1, 4.5], "texture": "#3"},
				"west": {"uv": [0.5, 4, 1, 4.5], "texture": "#3"},
				"up": {"uv": [0.5, 4, 0.5, 3.5], "texture": "#3"},
				"down": {"uv": [0.5, 3.5, 0.5, 4], "texture": "#3"}
			}
		},
		{
			"from": [6.5, -10, 6.5],
			"to": [9.5, -7, 9.5],
			"rotation": {"angle": 0, "axis": "y", "origin": [8, 0.25, 7.75]},
			"faces": {
				"north": {"uv": [6, 4, 7.5, 5.5], "texture": "#3"},
				"east": {"uv": [4.5, 4, 6, 5.5], "texture": "#3"},
				"south": {"uv": [9, 4, 10.5, 5.5], "texture": "#3"},
				"west": {"uv": [7.5, 4, 9, 5.5], "texture": "#3"},
				"up": {"uv": [7.5, 4, 6, 2.5], "texture": "#3"},
				"down": {"uv": [9, 2.5, 7.5, 4], "texture": "#3"}
			}
		},
		{
			"from": [5.5, -10, 7.5],
			"to": [6.5, -7, 8.5],
			"rotation": {"angle": 0, "axis": "y", "origin": [8, 0.25, 7.75]},
			"faces": {
				"north": {"uv": [6, 8, 6.5, 9.5], "texture": "#3"},
				"east": {"uv": [5.5, 8, 6, 9.5], "texture": "#3"},
				"south": {"uv": [7, 8, 7.5, 9.5], "texture": "#3"},
				"west": {"uv": [6.5, 8, 7, 9.5], "texture": "#3"},
				"up": {"uv": [6.5, 8, 6, 7.5], "texture": "#3"},
				"down": {"uv": [7, 7.5, 6.5, 8], "texture": "#3"}
			}
		},
		{
			"from": [6.5, -15, 6.5],
			"to": [9.5, -10, 9.5],
			"rotation": {"angle": 0, "axis": "y", "origin": [8, 0.25, 7.75]},
			"faces": {
				"north": {"uv": [1.5, 5.5, 3, 8], "texture": "#3"},
				"east": {"uv": [0, 5.5, 1.5, 8], "texture": "#3"},
				"south": {"uv": [4.5, 5.5, 6, 8], "texture": "#3"},
				"west": {"uv": [3, 5.5, 4.5, 8], "texture": "#3"},
				"up": {"uv": [3, 5.5, 1.5, 4], "texture": "#3"},
				"down": {"uv": [4.5, 4, 3, 5.5], "texture": "#3"}
			}
		},
		{
			"from": [6.5, -16, 6.5],
			"to": [9.5, -15, 9.5],
			"rotation": {"angle": 0, "axis": "y", "origin": [8, 0.25, 7.75]},
			"faces": {
				"north": {"uv": [7.5, 1.5, 9, 2], "texture": "#3"},
				"east": {"uv": [6, 1.5, 7.5, 2], "texture": "#3"},
				"south": {"uv": [10.5, 1.5, 12, 2], "texture": "#3"},
				"west": {"uv": [9, 1.5, 10.5, 2], "texture": "#3"},
				"up": {"uv": [9, 1.5, 7.5, 0], "texture": "#3"},
				"down": {"uv": [10.5, 0, 9, 1.5], "texture": "#3"}
			}
		}
	],
	"gui_light": "front",
	"display": {
		"thirdperson_righthand": {
			"rotation": [0, -90, 0],
			"translation": [0, 12, 1.25],
			"scale": [0.75, 0.75, 0.75]
		},
		"thirdperson_lefthand": {
			"rotation": [0, -90, 0],
			"translation": [0, 12, 1.25],
			"scale": [0.75, 0.75, 0.75]
		},
		"firstperson_righthand": {
			"rotation": [0, 45, 0],
			"translation": [0, 7.25, 1.25],
			"scale": [0.5, 0.5, 0.5]
		},
		"firstperson_lefthand": {
			"rotation": [0, 45, 0],
			"translation": [0, 7.25, 1.25],
			"scale": [0.5, 0.5, 0.5]
		},
		"ground": {
			"rotation": [45, 0, 0],
			"translation": [0, 7, 6],
			"scale": [0.5, 0.5, 0.5]
		},
		"gui": {
			"rotation": [30, 225, 68],
			"translation": [9.5, 9.5, 0]
		},
		"head": {
			"rotation": [0, 180, 0],
			"translation": [0, 13, 8]
		},
		"fixed": {
			"translation": [0, 24, -4],
			"scale": [1.5, 1.5, 1.5]
		}
	},
	"groups": [
		{
			"name": "Emiter",
			"origin": [0, 0, 0],
			"color": 3,
			"children": [0, 1, 2, 3, 4, 5, 6, 7, 8, 9, 10]
		},
		{
			"name": "Switch",
			"origin": [8, 8, 8],
			"color": 4,
			"children": [11, 12]
		},
		{
			"name": "Grip",
			"origin": [0, 0, 0],
			"color": 5,
			"children": [13]
		},
		{
			"name": "Pommel",
			"origin": [8, 8, 8],
			"color": 6,
			"children": [14]
		}
	]
}