{
	"credit": "Made with Blockbench",
	"texture_size": [32, 32],
	"textures": {
		"3": "optifine/cit/lightsabers/handles/obi_wan_1",
		"particle": "optifine/cit/lightsabers/handles/obi_wan_1"
	},
	"elements": [
		{
			"from": [6.5, -3, 6.5],
			"to": [9.5, 0, 9.5],
			"faces": {
				"north": {"uv": [7.5, 1.5, 9, 3], "texture": "#3"},
				"east": {"uv": [6, 1.5, 7.5, 3], "texture": "#3"},
				"south": {"uv": [10.5, 1.5, 12, 3], "texture": "#3"},
				"west": {"uv": [9, 1.5, 10.5, 3], "texture": "#3"},
				"up": {"uv": [9, 1.5, 7.5, 0], "texture": "#3"},
				"down": {"uv": [10.5, 0, 9, 1.5], "texture": "#3"}
			}
		},
		{
			"from": [6.5, -6, 6.5],
			"to": [9.5, -3, 9.5],
			"faces": {
				"north": {"uv": [1.5, 6.5, 3, 8], "texture": "#3"},
				"east": {"uv": [0, 6.5, 1.5, 8], "texture": "#3"},
				"south": {"uv": [4.5, 6.5, 6, 8], "texture": "#3"},
				"west": {"uv": [3, 6.5, 4.5, 8], "texture": "#3"},
				"up": {"uv": [3, 6.5, 1.5, 5], "texture": "#3"},
				"down": {"uv": [4.5, 5, 3, 6.5], "texture": "#3"}
			}
		},
		{
			"from": [7.5, -5, 5.5],
			"to": [8.5, -4, 6.5],
			"faces": {
				"north": {"uv": [5, 0.5, 5.5, 1], "texture": "#3"},
				"east": {"uv": [4.5, 0.5, 5, 1], "texture": "#3"},
				"south": {"uv": [6, 0.5, 6.5, 1], "texture": "#3"},
				"west": {"uv": [5.5, 0.5, 6, 1], "texture": "#3"},
				"up": {"uv": [5.5, 0.5, 5, 0], "texture": "#3"},
				"down": {"uv": [6, 0, 5.5, 0.5], "texture": "#3"}
			}
		},
		{
			"from": [6.5, -13, 6.5],
			"to": [9.5, -6, 9.5],
			"faces": {
				"north": {"uv": [1.5, 1.5, 3, 5], "texture": "#3"},
				"east": {"uv": [0, 1.5, 1.5, 5], "texture": "#3"},
				"south": {"uv": [4.5, 1.5, 6, 5], "texture": "#3"},
				"west": {"uv": [3, 1.5, 4.5, 5], "texture": "#3"},
				"up": {"uv": [3, 1.5, 1.5, 0], "texture": "#3"},
				"down": {"uv": [4.5, 0, 3, 1.5], "texture": "#3"}
			}
		},
		{
			"from": [6.5, -16, 6.5],
			"to": [9.5, -13, 9.5],
			"faces": {
				"north": {"uv": [6, 5, 7.5, 6.5], "texture": "#3"},
				"east": {"uv": [4.5, 5, 6, 6.5], "texture": "#3"},
				"south": {"uv": [9, 5, 10.5, 6.5], "texture": "#3"},
				"west": {"uv": [7.5, 5, 9, 6.5], "texture": "#3"},
				"up": {"uv": [7.5, 5, 6, 3.5], "texture": "#3"},
				"down": {"uv": [9, 3.5, 7.5, 5], "texture": "#3"}
			}
		}
	],
	"gui_light": "front",
	"display": {
		"thirdperson_righthand": {
			"rotation": [0, 90, 0],
			"translation": [0, 12, 1.25],
			"scale": [0.75, 0.75, 0.75]
		},
		"thirdperson_lefthand": {
			"rotation": [0, 90, 0],
			"translation": [0, 12, 1.25],
			"scale": [0.75, 0.75, 0.75]
		},
		"firstperson_righthand": {
			"rotation": [0, 45, 0],
			"translation": [0, 7.25, 1.25],
			"scale": [0.5, 0.5, 0.5]
		},
		"firstperson_lefthand": {
			"rotation": [0, 45, 0],
			"translation": [0, 7.25, 1.25],
			"scale": [0.5, 0.5, 0.5]
		},
		"ground": {
			"rotation": [45, 0, 0],
			"translation": [0, 7, 6],
			"scale": [0.5, 0.5, 0.5]
		},
		"gui": {
			"rotation": [30, 225, 68],
			"translation": [9.5, 9.5, 0]
		},
		"head": {
			"rotation": [0, 180, 0],
			"translation": [0, 13, 8]
		},
		"fixed": {
			"translation": [0, 24, -4],
			"scale": [1.5, 1.5, 1.5]
		}
	},
	"groups": [
		{
			"name": "Emiter",
			"origin": [0, 0, 0],
			"color": 0,
			"children": [0]
		},
		{
			"name": "Switch",
			"origin": [8, 8, 8],
			"color": 0,
			"children": [1, 2]
		},
		{
			"name": "Grip",
			"origin": [0, 0, 0],
			"color": 0,
			"children": [3]
		},
		{
			"name": "Pommel",
			"origin": [8, 8, 8],
			"color": 0,
			"children": [4]
		}
	]
}