{
	"credit": "Made with Blockbench",
	"texture_size": [32, 32],
	"textures": {
		"0": "./kylo",
		"1": "optifine/cit/lightsabers/blades/blue",
		"2": "optifine/cit/lightsabers/blades/inside",
		"particle": "./kylo"
	},
	"elements": [
		{
			"from": [-2, -2.5, 7.5],
			"to": [3.5, -1.5, 8.5],
			"faces": {
				"north": {"uv": [0, 0, 2.75, 0.5], "texture": "#2"},
				"east": {"uv": [0, 0, 0.5, 0.5], "texture": "#2"},
				"south": {"uv": [0, 0, 2.75, 0.5], "texture": "#2"},
				"west": {"uv": [0, 0, 0.5, 0.5], "texture": "#2"},
				"up": {"uv": [0, 0, 2.75, 0.5], "texture": "#2"},
				"down": {"uv": [0, 0, 2.75, 0.5], "texture": "#2"}
			}
		},
		{
			"from": [12.5, -2.5, 7.5],
			"to": [18, -1.5, 8.5],
			"faces": {
				"north": {"uv": [0, 0, 2.75, 0.5], "texture": "#2"},
				"east": {"uv": [0, 0, 0.5, 0.5], "texture": "#2"},
				"south": {"uv": [0, 0, 2.75, 0.5], "texture": "#2"},
				"west": {"uv": [0, 0, 0.5, 0.5], "texture": "#2"},
				"up": {"uv": [0, 0, 2.75, 0.5], "texture": "#2"},
				"down": {"uv": [0, 0, 2.75, 0.5], "texture": "#2"}
			}
		},
		{
			"from": [7.5, 0, 7.5],
			"to": [8.5, 31.5, 8.5],
			"faces": {
				"north": {"uv": [0, 0, 0.5, 15.75], "texture": "#2"},
				"east": {"uv": [0, 0, 0.5, 15.75], "texture": "#2"},
				"south": {"uv": [0, 0, 0.5, 15.75], "texture": "#2"},
				"west": {"uv": [0, 0, 0.5, 15.75], "texture": "#2"},
				"up": {"uv": [0, 0, 0.5, 0.5], "texture": "#2"},
				"down": {"uv": [0, 0, 0.5, 0.5], "texture": "#2"}
			}
		},
		{
			"from": [9, 32, 9],
			"to": [7, 0, 7],
			"faces": {
				"north": {"uv": [3.5, 3, 3.5, 3], "texture": "#1"},
				"east": {"uv": [3.5, 3, 3.5, 3], "texture": "#1"},
				"south": {"uv": [3.5, 3, 3.5, 3], "texture": "#1"},
				"west": {"uv": [3.5, 3, 3.5, 3], "texture": "#1"},
				"up": {"uv": [3.5, 3, 3.5, 3], "texture": "#1"},
				"down": {"uv": [3.5, 3, 3.5, 3], "texture": "#1"}
			}
		},
		{
			"from": [18.5, -1, 9],
			"to": [12.5, -3, 7],
			"faces": {
				"north": {"uv": [3.5, 3, 3.5, 3], "texture": "#1"},
				"east": {"uv": [3.5, 3, 3.5, 3], "texture": "#1"},
				"south": {"uv": [3.5, 3, 3.5, 3], "texture": "#1"},
				"west": {"uv": [3.5, 3, 3.5, 3], "texture": "#1"},
				"up": {"uv": [3.5, 3, 3.5, 3], "texture": "#1"},
				"down": {"uv": [3.5, 3, 3.5, 3], "texture": "#1"}
			}
		},
		{
			"from": [3.5, -1, 9],
			"to": [-2.5, -3, 7],
			"faces": {
				"north": {"uv": [3.5, 3, 3.5, 3], "texture": "#1"},
				"east": {"uv": [3.5, 3, 3.5, 3], "texture": "#1"},
				"south": {"uv": [3.5, 3, 3.5, 3], "texture": "#1"},
				"west": {"uv": [3.5, 3, 3.5, 3], "texture": "#1"},
				"up": {"uv": [3.5, 3, 3.5, 3], "texture": "#1"},
				"down": {"uv": [3.5, 3, 3.5, 3], "texture": "#1"}
			}
		},
		{
			"from": [6.5, -5, 6.5],
			"to": [9.5, -1, 9.5],
			"faces": {
				"north": {"uv": [1.5, 6, 3, 8], "texture": "#0"},
				"east": {"uv": [0, 6, 1.5, 8], "texture": "#0"},
				"south": {"uv": [4.5, 6, 6, 8], "texture": "#0"},
				"west": {"uv": [3, 6, 4.5, 8], "texture": "#0"},
				"up": {"uv": [3, 6, 1.5, 4.5], "texture": "#0"},
				"down": {"uv": [4.5, 4.5, 3, 6], "texture": "#0"}
			}
		},
		{
			"from": [7, -1, 7],
			"to": [9, 0, 9],
			"faces": {
				"north": {"uv": [9, 7, 10, 7.5], "texture": "#0"},
				"east": {"uv": [8, 7, 9, 7.5], "texture": "#0"},
				"south": {"uv": [11, 7, 12, 7.5], "texture": "#0"},
				"west": {"uv": [10, 7, 11, 7.5], "texture": "#0"},
				"up": {"uv": [10, 7, 9, 6], "texture": "#0"},
				"down": {"uv": [11, 6, 10, 7], "texture": "#0"}
			}
		},
		{
			"from": [2.5, -3, 7],
			"to": [6.5, -3, 9],
			"faces": {
				"north": {"uv": [6, 2, 8, 2], "texture": "#0"},
				"east": {"uv": [5, 2, 6, 2], "texture": "#0"},
				"south": {"uv": [9, 2, 11, 2], "texture": "#0"},
				"west": {"uv": [8, 2, 9, 2], "texture": "#0"},
				"up": {"uv": [8, 2, 6, 1], "texture": "#0"},
				"down": {"uv": [10, 1, 8, 2], "texture": "#0"}
			}
		},
		{
			"from": [9.5, -3, 7],
			"to": [13.5, -3, 9],
			"faces": {
				"north": {"uv": [4.5, 1, 6.5, 1], "texture": "#0"},
				"east": {"uv": [3.5, 1, 4.5, 1], "texture": "#0"},
				"south": {"uv": [7.5, 1, 9.5, 1], "texture": "#0"},
				"west": {"uv": [6.5, 1, 7.5, 1], "texture": "#0"},
				"up": {"uv": [6.5, 1, 4.5, 0], "texture": "#0"},
				"down": {"uv": [8.5, 0, 6.5, 1], "texture": "#0"}
			}
		},
		{
			"from": [9.5, -1, 7],
			"to": [12.5, -1, 9],
			"faces": {
				"north": {"uv": [6, 3, 7.5, 3], "texture": "#0"},
				"east": {"uv": [5, 3, 6, 3], "texture": "#0"},
				"south": {"uv": [8.5, 3, 10, 3], "texture": "#0"},
				"west": {"uv": [7.5, 3, 8.5, 3], "texture": "#0"},
				"up": {"uv": [7.5, 3, 6, 2], "texture": "#0"},
				"down": {"uv": [9, 2, 7.5, 3], "texture": "#0"}
			}
		},
		{
			"from": [3.5, -1, 7],
			"to": [6.5, -1, 9],
			"faces": {
				"north": {"uv": [6, 7, 7.5, 7], "texture": "#0"},
				"east": {"uv": [5, 7, 6, 7], "texture": "#0"},
				"south": {"uv": [8.5, 7, 10, 7], "texture": "#0"},
				"west": {"uv": [7.5, 7, 8.5, 7], "texture": "#0"},
				"up": {"uv": [7.5, 7, 6, 6], "texture": "#0"},
				"down": {"uv": [9, 6, 7.5, 7], "texture": "#0"}
			}
		},
		{
			"from": [9.5, -3, 7],
			"to": [12.5, -1, 7],
			"faces": {
				"north": {"uv": [9, 2, 10.5, 3], "texture": "#0"},
				"east": {"uv": [9, 2, 9, 3], "texture": "#0"},
				"south": {"uv": [10.5, 2, 12, 3], "texture": "#0"},
				"west": {"uv": [10.5, 2, 10.5, 3], "texture": "#0"},
				"up": {"uv": [10.5, 2, 9, 2], "texture": "#0"},
				"down": {"uv": [12, 2, 10.5, 2], "texture": "#0"}
			}
		},
		{
			"from": [3.5, -3, 7],
			"to": [6.5, -1, 7],
			"faces": {
				"north": {"uv": [3, 9, 4.5, 10], "texture": "#0"},
				"east": {"uv": [3, 9, 3, 10], "texture": "#0"},
				"south": {"uv": [4.5, 9, 6, 10], "texture": "#0"},
				"west": {"uv": [4.5, 9, 4.5, 10], "texture": "#0"},
				"up": {"uv": [4.5, 9, 3, 9], "texture": "#0"},
				"down": {"uv": [6, 9, 4.5, 9], "texture": "#0"}
			}
		},
		{
			"from": [9.5, -3, 9],
			"to": [12.5, -1, 9],
			"faces": {
				"north": {"uv": [9, 3, 10.5, 4], "texture": "#0"},
				"east": {"uv": [9, 3, 9, 4], "texture": "#0"},
				"south": {"uv": [10.5, 3, 12, 4], "texture": "#0"},
				"west": {"uv": [10.5, 3, 10.5, 4], "texture": "#0"},
				"up": {"uv": [10.5, 3, 9, 3], "texture": "#0"},
				"down": {"uv": [12, 3, 10.5, 3], "texture": "#0"}
			}
		},
		{
			"from": [3.5, -3, 9],
			"to": [6.5, -1, 9],
			"faces": {
				"north": {"uv": [6, 9, 7.5, 10], "texture": "#0"},
				"east": {"uv": [6, 9, 6, 10], "texture": "#0"},
				"south": {"uv": [7.5, 9, 9, 10], "texture": "#0"},
				"west": {"uv": [7.5, 9, 7.5, 10], "texture": "#0"},
				"up": {"uv": [7.5, 9, 6, 9], "texture": "#0"},
				"down": {"uv": [9, 9, 7.5, 9], "texture": "#0"}
			}
		},
		{
			"from": [7, -7, 7],
			"to": [9, -5, 9],
			"faces": {
				"north": {"uv": [6, 8, 7, 9], "texture": "#0"},
				"east": {"uv": [5, 8, 6, 9], "texture": "#0"},
				"south": {"uv": [8, 8, 9, 9], "texture": "#0"},
				"west": {"uv": [7, 8, 8, 9], "texture": "#0"},
				"up": {"uv": [7, 8, 6, 7], "texture": "#0"},
				"down": {"uv": [8, 7, 7, 8], "texture": "#0"}
			}
		},
		{
			"from": [6.5, -7, 6.5],
			"to": [6.5, -5, 9.5],
			"faces": {
				"north": {"uv": [1.5, 9, 1.5, 10], "texture": "#0"},
				"east": {"uv": [0, 9, 1.5, 10], "texture": "#0"},
				"south": {"uv": [3, 9, 3, 10], "texture": "#0"},
				"west": {"uv": [1.5, 9, 3, 10], "texture": "#0"},
				"up": {"uv": [1.5, 9, 1.5, 7.5], "texture": "#0"},
				"down": {"uv": [1.5, 7.5, 1.5, 9], "texture": "#0"}
			}
		},
		{
			"from": [9.5, -7, 6.5],
			"to": [9.5, -5, 9.5],
			"faces": {
				"north": {"uv": [1.5, 8, 1.5, 9], "texture": "#0"},
				"east": {"uv": [0, 8, 1.5, 9], "texture": "#0"},
				"south": {"uv": [3, 8, 3, 9], "texture": "#0"},
				"west": {"uv": [1.5, 8, 3, 9], "texture": "#0"},
				"up": {"uv": [1.5, 8, 1.5, 6.5], "texture": "#0"},
				"down": {"uv": [1.5, 6.5, 1.5, 8], "texture": "#0"}
			}
		},
		{
			"from": [8.5, -7, 6.5],
			"to": [9.5, -6, 6.5],
			"faces": {
				"north": {"uv": [0, 0.5, 0.5, 1], "texture": "#0"},
				"east": {"uv": [0, 0.5, 0, 1], "texture": "#0"},
				"south": {"uv": [0.5, 0.5, 1, 1], "texture": "#0"},
				"west": {"uv": [0.5, 0.5, 0.5, 1], "texture": "#0"},
				"up": {"uv": [0.5, 0.5, 0, 0.5], "texture": "#0"},
				"down": {"uv": [1, 0.5, 0.5, 0.5], "texture": "#0"}
			}
		},
		{
			"from": [6.5, -6, 6.5],
			"to": [7.5, -5, 6.5],
			"faces": {
				"north": {"uv": [0, 0, 0.5, 0.5], "texture": "#0"},
				"east": {"uv": [0, 0, 0, 0.5], "texture": "#0"},
				"south": {"uv": [0.5, 0, 1, 0.5], "texture": "#0"},
				"west": {"uv": [0.5, 0, 0.5, 0.5], "texture": "#0"},
				"up": {"uv": [0.5, 0, 0, 0], "texture": "#0"},
				"down": {"uv": [1, 0, 0.5, 0], "texture": "#0"}
			}
		},
		{
			"from": [6.5, -7, 9.5],
			"to": [9.5, -5, 9.5],
			"faces": {
				"north": {"uv": [8.5, 0, 10, 1], "texture": "#0"},
				"east": {"uv": [8.5, 0, 8.5, 1], "texture": "#0"},
				"south": {"uv": [10, 0, 11.5, 1], "texture": "#0"},
				"west": {"uv": [10, 0, 10, 1], "texture": "#0"},
				"up": {"uv": [10, 0, 8.5, 0], "texture": "#0"},
				"down": {"uv": [11.5, 0, 10, 0], "texture": "#0"}
			}
		},
		{
			"from": [6.5, -13, 6.5],
			"to": [9.5, -7, 9.5],
			"faces": {
				"north": {"uv": [1.5, 1.5, 3, 4.5], "texture": "#0"},
				"east": {"uv": [0, 1.5, 1.5, 4.5], "texture": "#0"},
				"south": {"uv": [4.5, 1.5, 6, 4.5], "texture": "#0"},
				"west": {"uv": [3, 1.5, 4.5, 4.5], "texture": "#0"},
				"up": {"uv": [3, 1.5, 1.5, 0], "texture": "#0"},
				"down": {"uv": [4.5, 0, 3, 1.5], "texture": "#0"}
			}
		},
		{
			"from": [6.5, -16, 6.5],
			"to": [9.5, -13, 9.5],
			"faces": {
				"north": {"uv": [6, 4.5, 7.5, 6], "texture": "#0"},
				"east": {"uv": [4.5, 4.5, 6, 6], "texture": "#0"},
				"south": {"uv": [9, 4.5, 10.5, 6], "texture": "#0"},
				"west": {"uv": [7.5, 4.5, 9, 6], "texture": "#0"},
				"up": {"uv": [7.5, 4.5, 6, 3], "texture": "#0"},
				"down": {"uv": [9, 3, 7.5, 4.5], "texture": "#0"}
			}
		}
	],
	"gui_light": "front",
	"display": {
		"thirdperson_righthand": {
			"rotation": [0, 90, 0],
			"translation": [0, 12, 1.25],
			"scale": [0.75, 0.75, 0.75]
		},
		"thirdperson_lefthand": {
			"rotation": [0, 90, 0],
			"translation": [0, 12, 1.25],
			"scale": [0.75, 0.75, 0.75]
		},
		"firstperson_righthand": {
			"rotation": [0, 135, 0],
			"translation": [0, 8, 1.25],
			"scale": [0.5, 0.5, 0.5]
		},
		"firstperson_lefthand": {
			"rotation": [0, 135, 0],
			"translation": [0, 8, 1.25],
			"scale": [0.5, 0.5, 0.5]
		},
		"ground": {
			"rotation": [45, 0, 0],
			"translation": [0, 7, 0],
			"scale": [0.5, 0.5, 0.5]
		},
		"gui": {
			"rotation": [30, 225, 68],
			"scale": [0.5, 0.5, 0.5]
		},
		"head": {
			"rotation": [0, 180, 0],
			"translation": [0, 13, 8]
		},
		"fixed": {
			"translation": [0, 24, -4],
			"scale": [1.5, 1.5, 1.5]
		}
	},
	"groups": [
		{
			"name": "blade",
			"origin": [8, 8, 8],
			"color": 0,
			"children": [0, 1, 2, 3, 4, 5]
		},
		{
			"name": "Emiter",
			"origin": [0, 0, 0],
			"color": 0,
			"children": [6, 7, 8, 9, 10, 11, 12, 13, 14, 15]
		},
		{
			"name": "Switch",
			"origin": [8, 8, 8],
			"color": 0,
			"children": [16, 17, 18, 19, 20, 21]
		},
		{
			"name": "Grip",
			"origin": [0, 0, 0],
			"color": 0,
			"children": [22]
		},
		{
			"name": "Pommel",
			"origin": [8, 8, 8],
			"color": 0,
			"children": [23]
		}
	]
}