{
	"credit": "Made with Blockbench",
	"texture_size": [32, 32],
	"textures": {
		"1": "optifine/cit/lightsabers/blades/dark",
		"2": "optifine/cit/lightsabers/blades/inside",
		"3": "./maul",
		"particle": "./maul"
	},
	"elements": [
		{
			"from": [8.5, 32, 8.5],
			"to": [7.5, 16, 7.5],
			"shade": false,
			"faces": {
				"north": {"uv": [0.5, 0.5, 1, 16], "texture": "#2"},
				"east": {"uv": [0, 0.5, 0.5, 16], "texture": "#2"},
				"south": {"uv": [1.5, 0.5, 2, 16], "texture": "#2"},
				"west": {"uv": [1, 0.5, 1.5, 16], "texture": "#2"},
				"up": {"uv": [1, 0.5, 0.5, 0], "texture": "#2"},
				"down": {"uv": [1.5, 0, 1, 0.5], "texture": "#2"}
			}
		},
		{
			"from": [7.75, 16, 7.75],
			"to": [8.25, 31.75, 8.25],
			"faces": {
				"north": {"uv": [0.5, 0.5, 1, 16], "texture": "#1"},
				"east": {"uv": [0, 0.5, 0.5, 16], "texture": "#1"},
				"south": {"uv": [1.5, 0.5, 2, 16], "texture": "#1"},
				"west": {"uv": [1, 0.5, 1.5, 16], "texture": "#1"},
				"up": {"uv": [1, 0.5, 0.5, 0], "texture": "#1"},
				"down": {"uv": [1.5, 0, 1, 0.5], "texture": "#1"}
			}
		},
		{
			"from": [8.5, 0, 8.5],
			"to": [7.5, -16, 7.5],
			"shade": false,
			"rotation": {"angle": 0, "axis": "z", "origin": [8, 8, 7]},
			"faces": {
				"north": {"uv": [0.5, 0.5, 1, 16], "rotation": 180, "texture": "#2"},
				"east": {"uv": [1, 0.5, 1.5, 16], "rotation": 180, "texture": "#2"},
				"south": {"uv": [1.5, 0.5, 2, 16], "rotation": 180, "texture": "#2"},
				"west": {"uv": [0, 0.5, 0.5, 16], "rotation": 180, "texture": "#2"},
				"up": {"uv": [1.5, 0, 1, 0.5], "rotation": 180, "texture": "#2"},
				"down": {"uv": [1, 0.5, 0.5, 0], "rotation": 180, "texture": "#2"}
			}
		},
		{
			"from": [7.75, -15.75, 7.75],
			"to": [8.25, 0, 8.25],
			"rotation": {"angle": 0, "axis": "z", "origin": [8, 8, 7]},
			"faces": {
				"north": {"uv": [0.5, 0.5, 1, 16], "rotation": 180, "texture": "#1"},
				"east": {"uv": [1, 0.5, 1.5, 16], "rotation": 180, "texture": "#1"},
				"south": {"uv": [1.5, 0.5, 2, 16], "rotation": 180, "texture": "#1"},
				"west": {"uv": [0, 0.5, 0.5, 16], "rotation": 180, "texture": "#1"},
				"up": {"uv": [1.5, 0, 1, 0.5], "rotation": 180, "texture": "#1"},
				"down": {"uv": [1, 0.5, 0.5, 0], "rotation": 180, "texture": "#1"}
			}
		},
		{
			"from": [7.25, 14.5, 7.25],
			"to": [8.75, 16, 8.75],
			"faces": {
				"north": {"uv": [7.5, 1.5, 9, 3], "texture": "#3"},
				"east": {"uv": [6, 1.5, 7.5, 3], "texture": "#3"},
				"south": {"uv": [10.5, 1.5, 12, 3], "texture": "#3"},
				"west": {"uv": [9, 1.5, 10.5, 3], "texture": "#3"},
				"up": {"uv": [9, 1.5, 7.5, 0], "texture": "#3"},
				"down": {"uv": [10.5, 0, 9, 1.5], "texture": "#3"}
			}
		},
		{
			"from": [7.25, 0, 7.25],
			"to": [8.75, 1.5, 8.75],
			"rotation": {"angle": 0, "axis": "y", "origin": [8, 4, 8]},
			"faces": {
				"north": {"uv": [10.5, 1.5, 12, 3], "rotation": 180, "texture": "#3"},
				"east": {"uv": [6, 1.5, 7.5, 3], "rotation": 180, "texture": "#3"},
				"south": {"uv": [7.5, 1.5, 9, 3], "rotation": 180, "texture": "#3"},
				"west": {"uv": [9, 1.5, 10.5, 3], "rotation": 180, "texture": "#3"},
				"up": {"uv": [10.5, 0, 9, 1.5], "texture": "#3"},
				"down": {"uv": [9, 1.5, 7.5, 0], "texture": "#3"}
			}
		},
		{
			"from": [7.25, 13, 7.25],
			"to": [8.75, 14.5, 8.75],
			"faces": {
				"north": {"uv": [1.5, 6.5, 3, 8], "texture": "#3"},
				"east": {"uv": [0, 6.5, 1.5, 8], "texture": "#3"},
				"south": {"uv": [4.5, 6.5, 6, 8], "texture": "#3"},
				"west": {"uv": [3, 6.5, 4.5, 8], "texture": "#3"},
				"up": {"uv": [3, 6.5, 1.5, 5], "texture": "#3"},
				"down": {"uv": [4.5, 5, 3, 6.5], "texture": "#3"}
			}
		},
		{
			"from": [7.25, 1.5, 7.25],
			"to": [8.75, 3, 8.75],
			"rotation": {"angle": 0, "axis": "y", "origin": [8, 4, 8]},
			"faces": {
				"north": {"uv": [4.5, 6.5, 6, 8], "rotation": 180, "texture": "#3"},
				"east": {"uv": [0, 6.5, 1.5, 8], "rotation": 180, "texture": "#3"},
				"south": {"uv": [1.5, 6.5, 3, 8], "rotation": 180, "texture": "#3"},
				"west": {"uv": [3, 6.5, 4.5, 8], "rotation": 180, "texture": "#3"},
				"up": {"uv": [4.5, 5, 3, 6.5], "texture": "#3"},
				"down": {"uv": [3, 6.5, 1.5, 5], "texture": "#3"}
			}
		},
		{
			"from": [7.25, 9.5, 7.25],
			"to": [8.75, 13, 8.75],
			"rotation": {"angle": 0, "axis": "y", "origin": [0, 5, 0]},
			"faces": {
				"north": {"uv": [1.5, 1.5, 3, 5], "texture": "#3"},
				"east": {"uv": [0, 1.5, 1.5, 5], "texture": "#3"},
				"south": {"uv": [4.5, 1.5, 6, 5], "texture": "#3"},
				"west": {"uv": [3, 1.5, 4.5, 5], "texture": "#3"},
				"up": {"uv": [3, 1.5, 1.5, 0], "texture": "#3"},
				"down": {"uv": [4.5, 0, 3, 1.5], "texture": "#3"}
			}
		},
		{
			"from": [7.25, 3, 7.25],
			"to": [8.75, 6.5, 8.75],
			"rotation": {"angle": 0, "axis": "y", "origin": [8, 4, 8]},
			"faces": {
				"north": {"uv": [4.5, 1.5, 6, 5], "rotation": 180, "texture": "#3"},
				"east": {"uv": [0, 1.5, 1.5, 5], "rotation": 180, "texture": "#3"},
				"south": {"uv": [1.5, 1.5, 3, 5], "rotation": 180, "texture": "#3"},
				"west": {"uv": [3, 1.5, 4.5, 5], "rotation": 180, "texture": "#3"},
				"up": {"uv": [4.5, 0, 3, 1.5], "texture": "#3"},
				"down": {"uv": [3, 1.5, 1.5, 0], "texture": "#3"}
			}
		},
		{
			"from": [7.25, 8, 7.25],
			"to": [8.75, 9.5, 8.75],
			"rotation": {"angle": 0, "axis": "y", "origin": [0, 6.5, 0]},
			"faces": {
				"north": {"uv": [6, 5, 7.5, 6.5], "texture": "#3"},
				"east": {"uv": [4.5, 5, 6, 6.5], "texture": "#3"},
				"south": {"uv": [9, 5, 10.5, 6.5], "texture": "#3"},
				"west": {"uv": [7.5, 5, 9, 6.5], "texture": "#3"},
				"up": {"uv": [7.5, 5, 6, 3.5], "texture": "#3"},
				"down": {"uv": [9, 3.5, 7.5, 5], "texture": "#3"}
			}
		},
		{
			"from": [7.25, 6.5, 7.25],
			"to": [8.75, 8, 8.75],
			"rotation": {"angle": 0, "axis": "y", "origin": [8, 4, 8]},
			"faces": {
				"north": {"uv": [9, 5, 10.5, 6.5], "rotation": 180, "texture": "#3"},
				"east": {"uv": [4.5, 5, 6, 6.5], "rotation": 180, "texture": "#3"},
				"south": {"uv": [6, 5, 7.5, 6.5], "rotation": 180, "texture": "#3"},
				"west": {"uv": [7.5, 5, 9, 6.5], "rotation": 180, "texture": "#3"},
				"up": {"uv": [9, 3.5, 7.5, 5], "texture": "#3"},
				"down": {"uv": [7.5, 5, 6, 3.5], "texture": "#3"}
			}
		}
	],
	"gui_light": "front",
	"display": {
		"thirdperson_righthand": {
			"rotation": [0, 90, 0],
			"translation": [0, -2, 1.25],
			"scale": [1.5, 1.5, 1.5]
		},
		"thirdperson_lefthand": {
			"rotation": [0, 90, 0],
			"translation": [0, -2, 1.25],
			"scale": [1.5, 1.5, 1.5]
		},
		"firstperson_righthand": {
			"rotation": [-87.74, 73.61, 67.17],
			"translation": [10.75, -6.25, -5.75],
			"scale": [1.5, 1.5, 1.5]
		},
		"firstperson_lefthand": {
			"rotation": [-87.74, 73.61, 67.17],
			"translation": [10.75, -6.25, -5.75],
			"scale": [1.5, 1.5, 1.5]
		},
		"ground": {
			"rotation": [66, 0, 0],
			"translation": [0, 7, 0]
		},
		"gui": {
			"rotation": [30, 225, 68],
			"scale": [0.5, 0.5, 0.5]
		},
		"head": {
			"rotation": [0, 180, 90],
			"translation": [0, 0, 8],
			"scale": [2, 2, 2]
		},
		"fixed": {
			"translation": [0, 0, -4],
			"scale": [2.99, 2.99, 2.99]
		}
	},
	"groups": [
		{
			"name": "blade",
			"origin": [0, 0, 0],
			"color": 0,
			"children": [0, 1, 2, 3]
		},
		{
			"name": "Emiter",
			"origin": [0, 0, 0],
			"color": 0,
			"children": [4, 5]
		},
		{
			"name": "Switch",
			"origin": [8, 8, 8],
			"color": 0,
			"children": [6, 7]
		},
		{
			"name": "Grip",
			"origin": [0, 0, 0],
			"color": 0,
			"children": [8, 9]
		},
		{
			"name": "Pommel",
			"origin": [8, 8, 8],
			"color": 0,
			"children": [10, 11]
		}
	]
}