{
	"credit": "Made with Blockbench",
	"texture_size": [32, 32],
	"textures": {
		"1": "optifine/cit/lightsabers/blades/inside",
		"2": "optifine/cit/lightsabers/blades/green",
		"3": "./mandalorian",
		"particle": "./mandalorian"
	},
	"elements": [
		{
			"from": [8, 32, 9],
			"to": [6, -1, 7],
			"faces": {
				"north": {"uv": [0, 0, 16, 16], "texture": "#2"},
				"east": {"uv": [0, 0, 16, 16], "texture": "#2"},
				"south": {"uv": [0, 0, 16, 16], "texture": "#2"},
				"west": {"uv": [0, 0, 16, 16], "texture": "#2"},
				"up": {"uv": [0, 0, 16, 16], "texture": "#2"},
				"down": {"uv": [0, 0, 16, 16], "texture": "#2"}
			}
		},
		{
			"from": [9, 30, 9],
			"to": [7, 0, 7],
			"faces": {
				"north": {"uv": [0, 0, 16, 16], "texture": "#2"},
				"east": {"uv": [0, 0, 16, 16], "texture": "#2"},
				"south": {"uv": [0, 0, 16, 16], "texture": "#2"},
				"west": {"uv": [0, 0, 16, 16], "texture": "#2"},
				"up": {"uv": [0, 0, 16, 16], "texture": "#2"},
				"down": {"uv": [0, 0, 16, 16], "texture": "#2"}
			}
		},
		{
			"from": [10, 26, 9],
			"to": [8, 0, 7],
			"faces": {
				"north": {"uv": [0, 0, 16, 16], "texture": "#2"},
				"east": {"uv": [0, 0, 16, 16], "texture": "#2"},
				"south": {"uv": [0, 0, 16, 16], "texture": "#2"},
				"west": {"uv": [0, 0, 16, 16], "texture": "#2"},
				"up": {"uv": [0, 0, 16, 16], "texture": "#2"},
				"down": {"uv": [0, 0, 16, 16], "texture": "#2"}
			}
		},
		{
			"from": [6.5, -1, 7.5],
			"to": [7.5, 31.5, 8.5],
			"faces": {
				"north": {"uv": [0, 0, 16, 16], "texture": "#1"},
				"east": {"uv": [0, 0, 16, 16], "texture": "#1"},
				"south": {"uv": [0, 0, 16, 16], "texture": "#1"},
				"west": {"uv": [0, 0, 16, 16], "texture": "#1"},
				"up": {"uv": [0, 0, 16, 16], "texture": "#1"},
				"down": {"uv": [0, 0, 16, 16], "texture": "#1"}
			}
		},
		{
			"from": [7.5, 0, 7.5],
			"to": [8.5, 29.5, 8.5],
			"faces": {
				"north": {"uv": [0, 0, 16, 16], "texture": "#1"},
				"east": {"uv": [0, 0, 16, 16], "texture": "#1"},
				"south": {"uv": [0, 0, 16, 16], "texture": "#1"},
				"west": {"uv": [0, 0, 16, 16], "texture": "#1"},
				"up": {"uv": [0, 0, 16, 16], "texture": "#1"},
				"down": {"uv": [0, 0, 16, 16], "texture": "#1"}
			}
		},
		{
			"from": [8.5, 0, 7.5],
			"to": [9.5, 25.5, 8.5],
			"faces": {
				"north": {"uv": [0, 0, 16, 16], "texture": "#1"},
				"east": {"uv": [0, 0, 16, 16], "texture": "#1"},
				"south": {"uv": [0, 0, 16, 16], "texture": "#1"},
				"west": {"uv": [0, 0, 16, 16], "texture": "#1"},
				"up": {"uv": [0, 0, 16, 16], "texture": "#1"},
				"down": {"uv": [0, 0, 16, 16], "texture": "#1"}
			}
		},
		{
			"from": [7.5, -4, 7],
			"to": [9.5, 0, 9],
			"faces": {
				"north": {"uv": [1, 8.5, 2, 10.5], "texture": "#3"},
				"east": {"uv": [0, 8.5, 1, 10.5], "texture": "#3"},
				"south": {"uv": [3, 8.5, 4, 10.5], "texture": "#3"},
				"west": {"uv": [2, 8.5, 3, 10.5], "texture": "#3"},
				"up": {"uv": [2, 8.5, 1, 7.5], "texture": "#3"},
				"down": {"uv": [3, 7.5, 2, 8.5], "texture": "#3"}
			}
		},
		{
			"from": [6.5, -4, 7],
			"to": [7.5, -1, 9],
			"faces": {
				"north": {"uv": [9, 3, 9.5, 4.5], "texture": "#3"},
				"east": {"uv": [8, 3, 9, 4.5], "texture": "#3"},
				"south": {"uv": [10.5, 3, 11, 4.5], "texture": "#3"},
				"west": {"uv": [9.5, 3, 10.5, 4.5], "texture": "#3"},
				"up": {"uv": [9.5, 3, 9, 2], "texture": "#3"},
				"down": {"uv": [10, 2, 9.5, 3], "texture": "#3"}
			}
		},
		{
			"from": [6.5, -6, 7],
			"to": [9.5, -4, 9],
			"faces": {
				"north": {"uv": [6, 7, 7.5, 8], "texture": "#3"},
				"east": {"uv": [5, 7, 6, 8], "texture": "#3"},
				"south": {"uv": [8.5, 7, 10, 8], "texture": "#3"},
				"west": {"uv": [7.5, 7, 8.5, 8], "texture": "#3"},
				"up": {"uv": [7.5, 7, 6, 6], "texture": "#3"},
				"down": {"uv": [9, 6, 7.5, 7], "texture": "#3"}
			}
		},
		{
			"from": [5, -5.25, 6],
			"to": [10, -4.25, 10],
			"rotation": {"angle": -22.5, "axis": "z", "origin": [8, -5.5, 10]},
			"faces": {
				"north": {"uv": [2, 2, 4.5, 2.5], "texture": "#3"},
				"east": {"uv": [0, 2, 2, 2.5], "texture": "#3"},
				"south": {"uv": [6.5, 2, 9, 2.5], "texture": "#3"},
				"west": {"uv": [4.5, 2, 6.5, 2.5], "texture": "#3"},
				"up": {"uv": [4.5, 2, 2, 0], "texture": "#3"},
				"down": {"uv": [7, 0, 4.5, 2], "texture": "#3"}
			}
		},
		{
			"from": [5.32403, -4.12098, 6],
			"to": [6.32403, -1.12098, 10],
			"rotation": {"angle": 0, "axis": "z", "origin": [5.82403, -1.62098, 8]},
			"faces": {
				"north": {"uv": [7, 4.5, 7.5, 6], "texture": "#3"},
				"east": {"uv": [5, 4.5, 7, 6], "texture": "#3"},
				"south": {"uv": [9.5, 4.5, 10, 6], "texture": "#3"},
				"west": {"uv": [7.5, 4.5, 9.5, 6], "texture": "#3"},
				"up": {"uv": [7.5, 4.5, 7, 2.5], "texture": "#3"},
				"down": {"uv": [8, 2.5, 7.5, 4.5], "texture": "#3"}
			}
		},
		{
			"from": [6.5, -14, 7],
			"to": [9.5, -6, 9],
			"faces": {
				"north": {"uv": [1, 3.5, 2.5, 7.5], "texture": "#3"},
				"east": {"uv": [0, 3.5, 1, 7.5], "texture": "#3"},
				"south": {"uv": [3.5, 3.5, 5, 7.5], "texture": "#3"},
				"west": {"uv": [2.5, 3.5, 3.5, 7.5], "texture": "#3"},
				"up": {"uv": [2.5, 3.5, 1, 2.5], "texture": "#3"},
				"down": {"uv": [4, 2.5, 2.5, 3.5], "texture": "#3"}
			}
		},
		{
			"from": [6.5, -16, 7],
			"to": [8.5, -14, 9],
			"faces": {
				"north": {"uv": [8, 1, 9, 2], "texture": "#3"},
				"east": {"uv": [7, 1, 8, 2], "texture": "#3"},
				"south": {"uv": [10, 1, 11, 2], "texture": "#3"},
				"west": {"uv": [9, 1, 10, 2], "texture": "#3"},
				"up": {"uv": [9, 1, 8, 0], "texture": "#3"},
				"down": {"uv": [10, 0, 9, 1], "texture": "#3"}
			}
		},
		{
			"from": [8.5, -15, 7],
			"to": [9.5, -14, 9],
			"faces": {
				"north": {"uv": [5, 9, 5.5, 9.5], "texture": "#3"},
				"east": {"uv": [4, 9, 5, 9.5], "texture": "#3"},
				"south": {"uv": [6.5, 9, 7, 9.5], "texture": "#3"},
				"west": {"uv": [5.5, 9, 6.5, 9.5], "texture": "#3"},
				"up": {"uv": [5.5, 9, 5, 8], "texture": "#3"},
				"down": {"uv": [6, 8, 5.5, 9], "texture": "#3"}
			}
		}
	],
	"gui_light": "front",
	"display": {
		"thirdperson_righthand": {
			"rotation": [0, 90, 0],
			"translation": [0, 12, 1.25],
			"scale": [0.75, 0.75, 0.75]
		},
		"thirdperson_lefthand": {
			"rotation": [0, -90, 0],
			"translation": [0, 12, 1.25],
			"scale": [0.75, 0.75, 0.75]
		},
		"firstperson_righthand": {
			"rotation": [0, 100, 0],
			"translation": [0, 7.25, 1.25],
			"scale": [0.5, 0.5, 0.5]
		},
		"firstperson_lefthand": {
			"rotation": [0, -100, 0],
			"translation": [0, 7.25, 1.25],
			"scale": [0.5, 0.5, 0.5]
		},
		"ground": {
			"rotation": [45, 0, 0],
			"translation": [0, 7, 0],
			"scale": [0.5, 0.5, 0.5]
		},
		"gui": {
			"rotation": [30, 225, 68],
			"scale": [0.5, 0.5, 0.5]
		},
		"head": {
			"rotation": [0, 180, 0],
			"translation": [0, 13, 8]
		},
		"fixed": {
			"translation": [0, 24, -4],
			"scale": [1.5, 1.5, 1.5]
		}
	},
	"groups": [
		{
			"name": "blade",
			"origin": [0, 0, 0],
			"color": 0,
			"children": [0, 1, 2, 3, 4, 5]
		},
		{
			"name": "Emiter",
			"origin": [0, 0, 0],
			"color": 0,
			"children": [6, 7]
		},
		{
			"name": "Switch",
			"origin": [8, 8, 8],
			"color": 0,
			"children": [8, 9, 10]
		},
		{
			"name": "Grip",
			"origin": [0, 0, 0],
			"color": 0,
			"children": [11]
		},
		{
			"name": "Pommel",
			"origin": [8, 8, 8],
			"color": 0,
			"children": [12, 13]
		}
	]
}