{
	"credit": "Made with Blockbench",
	"texture_size": [32, 32],
	"textures": {
		"1": "optifine/cit/lightsabers/blades/inside",
		"2": "optifine/cit/lightsabers/blades/green",
		"3": "./dooku",
		"particle": "./dooku"
	},
	"elements": [
		{
			"from": [9, 32, 9],
			"to": [7, 0, 7],
			"shade": false,
			"faces": {
				"north": {"uv": [0.5, 0.5, 1, 16], "texture": "#2"},
				"east": {"uv": [0, 0.5, 0.5, 16], "texture": "#2"},
				"south": {"uv": [1.5, 0.5, 2, 16], "texture": "#2"},
				"west": {"uv": [1, 0.5, 1.5, 16], "texture": "#2"},
				"up": {"uv": [1, 0.5, 0.5, 0], "texture": "#2"},
				"down": {"uv": [1.5, 0, 1, 0.5], "texture": "#2"}
			}
		},
		{
			"from": [7.5, 0, 7.5],
			"to": [8.5, 31.5, 8.5],
			"faces": {
				"north": {"uv": [0.5, 0.5, 1, 16], "texture": "#1"},
				"east": {"uv": [0, 0.5, 0.5, 16], "texture": "#1"},
				"south": {"uv": [1.5, 0.5, 2, 16], "texture": "#1"},
				"west": {"uv": [1, 0.5, 1.5, 16], "texture": "#1"},
				"up": {"uv": [1, 0.5, 0.5, 0], "texture": "#1"},
				"down": {"uv": [1.5, 0, 1, 0.5], "texture": "#1"}
			}
		},
		{
			"from": [7, -2, 7],
			"to": [9, -1, 9],
			"faces": {
				"north": {"uv": [1, 7.5, 2, 8], "texture": "#3"},
				"east": {"uv": [0, 7.5, 1, 8], "texture": "#3"},
				"south": {"uv": [3, 7.5, 4, 8], "texture": "#3"},
				"west": {"uv": [2, 7.5, 3, 8], "texture": "#3"},
				"up": {"uv": [2, 7.5, 1, 6.5], "texture": "#3"},
				"down": {"uv": [3, 6.5, 2, 7.5], "texture": "#3"}
			}
		},
		{
			"from": [6.5, -1, 6.5],
			"to": [9.5, 0, 9.5],
			"faces": {
				"north": {"uv": [5.5, 4, 7, 4.5], "texture": "#3"},
				"east": {"uv": [4, 4, 5.5, 4.5], "texture": "#3"},
				"south": {"uv": [8.5, 4, 10, 4.5], "texture": "#3"},
				"west": {"uv": [7, 4, 8.5, 4.5], "texture": "#3"},
				"up": {"uv": [7, 4, 5.5, 2.5], "texture": "#3"},
				"down": {"uv": [8.5, 2.5, 7, 4], "texture": "#3"}
			}
		},
		{
			"from": [8.5, -1, 8],
			"to": [10.5, 4, 8],
			"faces": {
				"north": {"uv": [4, 7.5, 5, 10], "texture": "#3"},
				"east": {"uv": [4, 7.5, 4, 10], "texture": "#3"},
				"south": {"uv": [5, 7.5, 6, 10], "texture": "#3"},
				"west": {"uv": [5, 7.5, 5, 10], "texture": "#3"},
				"up": {"uv": [5, 7.5, 4, 7.5], "texture": "#3"},
				"down": {"uv": [6, 7.5, 5, 7.5], "texture": "#3"}
			}
		},
		{
			"from": [7, -6, 7],
			"to": [9, -2, 9],
			"rotation": {"angle": 0, "axis": "z", "origin": [8, -3.75, 8]},
			"faces": {
				"north": {"uv": [5, 5.5, 6, 7.5], "texture": "#3"},
				"east": {"uv": [4, 5.5, 5, 7.5], "texture": "#3"},
				"south": {"uv": [7, 5.5, 8, 7.5], "texture": "#3"},
				"west": {"uv": [6, 5.5, 7, 7.5], "texture": "#3"},
				"up": {"uv": [6, 5.5, 5, 4.5], "texture": "#3"},
				"down": {"uv": [7, 4.5, 6, 5.5], "texture": "#3"}
			}
		},
		{
			"from": [6, -3, 7.5],
			"to": [7, -1, 8.5],
			"faces": {
				"north": {"uv": [0.5, 8.5, 1, 9.5], "texture": "#3"},
				"east": {"uv": [0, 8.5, 0.5, 9.5], "texture": "#3"},
				"south": {"uv": [1.5, 8.5, 2, 9.5], "texture": "#3"},
				"west": {"uv": [1, 8.5, 1.5, 9.5], "texture": "#3"},
				"up": {"uv": [1, 8.5, 0.5, 8], "texture": "#3"},
				"down": {"uv": [1.5, 8, 1, 8.5], "texture": "#3"}
			}
		},
		{
			"from": [6.06284, -11.78859, 7],
			"to": [8.06284, -5.78859, 9],
			"rotation": {"angle": 22.5, "axis": "z", "origin": [7.06284, -3.53859, 8]},
			"faces": {
				"north": {"uv": [1, 3.5, 2, 6.5], "texture": "#3"},
				"east": {"uv": [0, 3.5, 1, 6.5], "texture": "#3"},
				"south": {"uv": [3, 3.5, 4, 6.5], "texture": "#3"},
				"west": {"uv": [2, 3.5, 3, 6.5], "texture": "#3"},
				"up": {"uv": [2, 3.5, 1, 2.5], "texture": "#3"},
				"down": {"uv": [3, 2.5, 2, 3.5], "texture": "#3"}
			}
		},
		{
			"from": [10.67669, -14.72029, 6.5],
			"to": [13.67669, -12.72029, 9.5],
			"rotation": {"angle": 45, "axis": "z", "origin": [11.17669, -13.47029, 8]},
			"faces": {
				"north": {"uv": [1.5, 1.5, 3, 2.5], "texture": "#3"},
				"east": {"uv": [0, 1.5, 1.5, 2.5], "texture": "#3"},
				"south": {"uv": [4.5, 1.5, 6, 2.5], "texture": "#3"},
				"west": {"uv": [3, 1.5, 4.5, 2.5], "texture": "#3"},
				"up": {"uv": [3, 1.5, 1.5, 0], "texture": "#3"},
				"down": {"uv": [4.5, 0, 3, 1.5], "texture": "#3"}
			}
		},
		{
			"from": [9.67669, -14.72029, 7.5],
			"to": [10.67669, -11.72029, 8.5],
			"rotation": {"angle": 45, "axis": "z", "origin": [11.17669, -13.47029, 8]},
			"faces": {
				"north": {"uv": [6.5, 8, 7, 9.5], "texture": "#3"},
				"east": {"uv": [6, 8, 6.5, 9.5], "texture": "#3"},
				"south": {"uv": [7.5, 8, 8, 9.5], "texture": "#3"},
				"west": {"uv": [7, 8, 7.5, 9.5], "texture": "#3"},
				"up": {"uv": [7, 8, 6.5, 7.5], "texture": "#3"},
				"down": {"uv": [7.5, 7.5, 7, 8], "texture": "#3"}
			}
		},
		{
			"from": [9.71031, -12.54328, 7],
			"to": [11.71031, -10.54328, 9],
			"rotation": {"angle": 45, "axis": "z", "origin": [10.71031, -11.54328, 8]},
			"faces": {
				"north": {"uv": [7, 1, 8, 2], "texture": "#3"},
				"east": {"uv": [6, 1, 7, 2], "texture": "#3"},
				"south": {"uv": [9, 1, 10, 2], "texture": "#3"},
				"west": {"uv": [8, 1, 9, 2], "texture": "#3"},
				"up": {"uv": [8, 1, 7, 0], "texture": "#3"},
				"down": {"uv": [9, 0, 8, 1], "texture": "#3"}
			}
		}
	],
	"gui_light": "front",
	"display": {
		"thirdperson_righthand": {
			"rotation": [0, 90, 0],
			"translation": [0, 7.75, 1],
			"scale": [0.75, 0.75, 0.75]
		},
		"thirdperson_lefthand": {
			"rotation": [0, -90, 0],
			"translation": [0, 7.75, 1],
			"scale": [0.75, 0.75, 0.75]
		},
		"firstperson_righthand": {
			"rotation": [0, 90, 0],
			"translation": [0, 7.25, 1.25],
			"scale": [0.5, 0.5, 0.5]
		},
		"firstperson_lefthand": {
			"rotation": [0, -90, 0],
			"translation": [0, 7.25, 1.25],
			"scale": [0.5, 0.5, 0.5]
		},
		"ground": {
			"rotation": [45, 0, 0],
			"translation": [0, 7, 0],
			"scale": [0.5, 0.5, 0.5]
		},
		"gui": {
			"rotation": [30, 225, 68],
			"scale": [0.5, 0.5, 0.5]
		},
		"head": {
			"rotation": [0, 180, 0],
			"translation": [0, 13, 8]
		},
		"fixed": {
			"translation": [0, 24, -4],
			"scale": [1.5, 1.5, 1.5]
		}
	},
	"groups": [
		{
			"name": "blade",
			"origin": [0, 0, 0],
			"color": 0,
			"children": [0, 1]
		},
		{
			"name": "Emiter",
			"origin": [0, 0, 0],
			"color": 0,
			"children": [2, 3, 4]
		},
		{
			"name": "Switch",
			"origin": [8, 8, 8],
			"color": 7,
			"children": [5, 6]
		},
		{
			"name": "Grip",
			"origin": [0, 0, 0],
			"color": 0,
			"children": [7]
		},
		{
			"name": "Pommel",
			"origin": [8, 8, 8],
			"color": 4,
			"children": [8, 9, 10]
		}
	]
}