{
	"credit": "Made with Blockbench",
	"texture_size": [32, 32],
	"textures": {
		"1": "optifine/cit/lightsabers/blades/inside",
		"2": "optifine/cit/lightsabers/blades/red",
		"3": "./inquisitor",
		"particle": "./inquisitor"
	},
	"elements": [
		{
			"from": [8.5, 28, 8.5],
			"to": [7.5, 12, 7.5],
			"shade": false,
			"rotation": {"angle": 0, "axis": "y", "origin": [0, -1, 0]},
			"faces": {
				"north": {"uv": [0, 0, 16, 16], "texture": "#2"},
				"east": {"uv": [0, 0, 16, 16], "texture": "#2"},
				"south": {"uv": [0, 0, 16, 16], "texture": "#2"},
				"west": {"uv": [0, 0, 16, 16], "texture": "#2"},
				"up": {"uv": [0, 0, 16, 16], "texture": "#2"},
				"down": {"uv": [0, 0, 16, 16], "texture": "#2"}
			}
		},
		{
			"from": [7.75, 12, 7.75],
			"to": [8.25, 27.75, 8.25],
			"rotation": {"angle": 0, "axis": "y", "origin": [0, -1, 0]},
			"faces": {
				"north": {"uv": [0, 0, 16, 16], "texture": "#1"},
				"east": {"uv": [0, 0, 16, 16], "texture": "#1"},
				"south": {"uv": [0, 0, 16, 16], "texture": "#1"},
				"west": {"uv": [0, 0, 16, 16], "texture": "#1"},
				"up": {"uv": [0, 0, 16, 16], "texture": "#1"},
				"down": {"uv": [0, 0, 16, 16], "texture": "#1"}
			}
		},
		{
			"from": [8.5, 4, 8.5],
			"to": [7.5, -12, 7.5],
			"shade": false,
			"rotation": {"angle": 0, "axis": "z", "origin": [8, 8, 7]},
			"faces": {
				"north": {"uv": [0, 0, 16, 16], "texture": "#2"},
				"east": {"uv": [0, 0, 16, 16], "texture": "#2"},
				"south": {"uv": [0, 0, 16, 16], "texture": "#2"},
				"west": {"uv": [0, 0, 16, 16], "texture": "#2"},
				"up": {"uv": [0, 0, 16, 16], "texture": "#2"},
				"down": {"uv": [0, 0, 16, 16], "texture": "#2"}
			}
		},
		{
			"from": [7.75, -11.75, 7.75],
			"to": [8.25, 4, 8.25],
			"rotation": {"angle": 0, "axis": "z", "origin": [8, 8, 7]},
			"faces": {
				"north": {"uv": [0, 0, 16, 16], "texture": "#1"},
				"east": {"uv": [0, 0, 16, 16], "texture": "#1"},
				"south": {"uv": [0, 0, 16, 16], "texture": "#1"},
				"west": {"uv": [0, 0, 16, 16], "texture": "#1"},
				"up": {"uv": [0, 0, 16, 16], "texture": "#1"},
				"down": {"uv": [0, 0, 16, 16], "texture": "#1"}
			}
		},
		{
			"from": [7.25, 10.5, 7.25],
			"to": [8.75, 12, 8.75],
			"rotation": {"angle": 0, "axis": "y", "origin": [0, -1, -4]},
			"faces": {
				"north": {"uv": [8.5, 9, 10, 10.5], "texture": "#3"},
				"east": {"uv": [7, 9, 8.5, 10.5], "texture": "#3"},
				"south": {"uv": [11.5, 9, 13, 10.5], "texture": "#3"},
				"west": {"uv": [10, 9, 11.5, 10.5], "texture": "#3"},
				"up": {"uv": [10, 9, 8.5, 7.5], "texture": "#3"},
				"down": {"uv": [11.5, 7.5, 10, 9], "texture": "#3"}
			}
		},
		{
			"from": [7.25, 4, 7.25],
			"to": [8.75, 5.5, 8.75],
			"rotation": {"angle": 0, "axis": "y", "origin": [8, 4, 4]},
			"faces": {
				"north": {"uv": [7, 6, 8.5, 7.5], "texture": "#3"},
				"east": {"uv": [5.5, 6, 7, 7.5], "texture": "#3"},
				"south": {"uv": [10, 6, 11.5, 7.5], "texture": "#3"},
				"west": {"uv": [8.5, 6, 10, 7.5], "texture": "#3"},
				"up": {"uv": [8.5, 6, 7, 4.5], "texture": "#3"},
				"down": {"uv": [10, 4.5, 8.5, 6], "texture": "#3"}
			}
		},
		{
			"from": [7.5, 5.5, 7.5],
			"to": [8.5, 6.5, 8.5],
			"rotation": {"angle": 0, "axis": "y", "origin": [8, 4, 4]},
			"faces": {
				"north": {"uv": [13, 12.5, 14, 13.5], "texture": "#3"},
				"east": {"uv": [12, 12.5, 13, 13.5], "texture": "#3"},
				"south": {"uv": [15, 12.5, 16, 13.5], "texture": "#3"},
				"west": {"uv": [14, 12.5, 15, 13.5], "texture": "#3"},
				"up": {"uv": [14, 12.5, 13, 11.5], "texture": "#3"},
				"down": {"uv": [15, 11.5, 14, 12.5], "texture": "#3"}
			}
		},
		{
			"from": [7.5, 9.5, 7.5],
			"to": [8.5, 10.5, 8.5],
			"rotation": {"angle": 0, "axis": "y", "origin": [8, 4, 4]},
			"faces": {
				"north": {"uv": [13, 10.5, 14, 11.5], "texture": "#3"},
				"east": {"uv": [12, 10.5, 13, 11.5], "texture": "#3"},
				"south": {"uv": [15, 10.5, 16, 11.5], "texture": "#3"},
				"west": {"uv": [14, 10.5, 15, 11.5], "texture": "#3"},
				"up": {"uv": [14, 10.5, 13, 9.5], "texture": "#3"},
				"down": {"uv": [15, 9.5, 14, 10.5], "texture": "#3"}
			}
		},
		{
			"from": [7.5, 6.5, 7.5],
			"to": [8.5, 9.5, 8.5],
			"rotation": {"angle": 0, "axis": "y", "origin": [8, 4, 4]},
			"faces": {
				"north": {"uv": [5, 10.5, 6, 13.5], "texture": "#3"},
				"east": {"uv": [4, 10.5, 5, 13.5], "texture": "#3"},
				"south": {"uv": [7, 10.5, 8, 13.5], "texture": "#3"},
				"west": {"uv": [6, 10.5, 7, 13.5], "texture": "#3"},
				"up": {"uv": [6, 10.5, 5, 9.5], "texture": "#3"},
				"down": {"uv": [7, 9.5, 6, 10.5], "texture": "#3"}
			}
		},
		{
			"from": [6.34835, 11.32322, 7.5],
			"to": [8.84835, 12.32322, 8.5],
			"rotation": {"angle": -45, "axis": "z", "origin": [7.09835, 7.82322, 8]},
			"faces": {
				"north": {"uv": [1, 8.5, 3.5, 9.5], "texture": "#3"},
				"east": {"uv": [0, 8.5, 1, 9.5], "texture": "#3"},
				"south": {"uv": [4.5, 8.5, 7, 9.5], "texture": "#3"},
				"west": {"uv": [3.5, 8.5, 4.5, 9.5], "texture": "#3"},
				"up": {"uv": [3.5, 8.5, 1, 7.5], "texture": "#3"},
				"down": {"uv": [6, 7.5, 3.5, 8.5], "texture": "#3"}
			}
		},
		{
			"from": [10.51777, 6.26777, 7.5],
			"to": [11.51777, 9.76777, 8.5],
			"rotation": {"angle": 0, "axis": "z", "origin": [4.51777, 8.01777, 8]},
			"faces": {
				"north": {"uv": [1, 10.5, 2, 14], "texture": "#3"},
				"east": {"uv": [0, 10.5, 1, 14], "texture": "#3"},
				"south": {"uv": [3, 10.5, 4, 14], "texture": "#3"},
				"west": {"uv": [2, 10.5, 3, 14], "texture": "#3"},
				"up": {"uv": [2, 10.5, 1, 9.5], "texture": "#3"},
				"down": {"uv": [3, 9.5, 2, 10.5], "texture": "#3"}
			}
		},
		{
			"from": [10.97703, 9.37652, 7.5],
			"to": [11.97703, 11.87652, 8.5],
			"rotation": {"angle": -45, "axis": "z", "origin": [4.97703, 9.62652, 8]},
			"faces": {
				"north": {"uv": [12.5, 5.5, 13.5, 8], "texture": "#3"},
				"east": {"uv": [11.5, 5.5, 12.5, 8], "texture": "#3"},
				"south": {"uv": [14.5, 5.5, 15.5, 8], "texture": "#3"},
				"west": {"uv": [13.5, 5.5, 14.5, 8], "texture": "#3"},
				"up": {"uv": [13.5, 5.5, 12.5, 4.5], "texture": "#3"},
				"down": {"uv": [14.5, 4.5, 13.5, 5.5], "texture": "#3"}
			}
		},
		{
			"from": [6.25, 4.5, 7.5],
			"to": [9.75, 5.5, 8.5],
			"rotation": {"angle": 0, "axis": "y", "origin": [8, 12, 8]},
			"faces": {
				"north": {"uv": [1, 1, 4.5, 2], "texture": "#3"},
				"east": {"uv": [0, 1, 1, 2], "texture": "#3"},
				"south": {"uv": [5.5, 1, 9, 2], "texture": "#3"},
				"west": {"uv": [4.5, 1, 5.5, 2], "texture": "#3"},
				"up": {"uv": [4.5, 1, 1, 0], "texture": "#3"},
				"down": {"uv": [8, 0, 4.5, 1], "texture": "#3"}
			}
		},
		{
			"from": [8.99264, 3.15685, 7.5],
			"to": [11.49264, 4.15685, 8.5],
			"rotation": {"angle": -45, "axis": "z", "origin": [10.49264, 10.15685, 8]},
			"faces": {
				"north": {"uv": [1, 5, 3.5, 6], "texture": "#3"},
				"east": {"uv": [0, 5, 1, 6], "texture": "#3"},
				"south": {"uv": [4.5, 5, 7, 6], "texture": "#3"},
				"west": {"uv": [3.5, 5, 4.5, 6], "texture": "#3"},
				"up": {"uv": [3.5, 5, 1, 4], "texture": "#3"},
				"down": {"uv": [6, 4, 3.5, 5], "texture": "#3"}
			}
		},
		{
			"from": [4.48223, 6.26777, 7.5],
			"to": [5.48223, 9.76777, 8.5],
			"rotation": {"angle": 0, "axis": "z", "origin": [11.48223, 8.01777, 8]},
			"faces": {
				"north": {"uv": [10, 1, 11, 4.5], "texture": "#3"},
				"east": {"uv": [9, 1, 10, 4.5], "texture": "#3"},
				"south": {"uv": [12, 1, 13, 4.5], "texture": "#3"},
				"west": {"uv": [11, 1, 12, 4.5], "texture": "#3"},
				"up": {"uv": [11, 1, 10, 0], "texture": "#3"},
				"down": {"uv": [12, 0, 11, 1], "texture": "#3"}
			}
		},
		{
			"from": [3.66942, 4.30546, 7.5],
			"to": [4.66942, 6.80546, 8.5],
			"rotation": {"angle": -45, "axis": "z", "origin": [10.66942, 6.05546, 8]},
			"faces": {
				"north": {"uv": [9, 11.5, 10, 14], "texture": "#3"},
				"east": {"uv": [8, 11.5, 9, 14], "texture": "#3"},
				"south": {"uv": [11, 11.5, 12, 14], "texture": "#3"},
				"west": {"uv": [10, 11.5, 11, 14], "texture": "#3"},
				"up": {"uv": [10, 11.5, 9, 10.5], "texture": "#3"},
				"down": {"uv": [11, 10.5, 10, 11.5], "texture": "#3"}
			}
		},
		{
			"from": [6.25, 10.5, 7.5],
			"to": [9.75, 11.5, 8.5],
			"rotation": {"angle": 0, "axis": "y", "origin": [8, 7.53553, 8]},
			"faces": {
				"north": {"uv": [1, 3, 4.5, 4], "texture": "#3"},
				"east": {"uv": [0, 3, 1, 4], "texture": "#3"},
				"south": {"uv": [5.5, 3, 9, 4], "texture": "#3"},
				"west": {"uv": [4.5, 3, 5.5, 4], "texture": "#3"},
				"up": {"uv": [4.5, 3, 1, 2], "texture": "#3"},
				"down": {"uv": [8, 2, 4.5, 3], "texture": "#3"}
			}
		}
	],
	"gui_light": "front",
	"display": {
		"thirdperson_righthand": {
			"rotation": [0, 122, 0],
			"translation": [0, -1.5, 1.25],
			"scale": [1.5, 1.5, 1.5]
		},
		"thirdperson_lefthand": {
			"rotation": [0, 122, 0],
			"translation": [0, -1.5, 1.25],
			"scale": [1.5, 1.5, 1.5]
		},
		"firstperson_righthand": {
			"rotation": [-87.74, 73.61, 67.17],
			"translation": [10.75, -6.25, -5.75],
			"scale": [1.5, 1.5, 1.5]
		},
		"firstperson_lefthand": {
			"rotation": [-87.74, 73.61, 67.17],
			"translation": [10.75, -6.25, -5.75],
			"scale": [1.5, 1.5, 1.5]
		},
		"ground": {
			"rotation": [66, 0, 0],
			"translation": [0, 7, 0]
		},
		"gui": {
			"rotation": [30, 225, 68],
			"scale": [0.5, 0.5, 0.5]
		},
		"head": {
			"rotation": [0, 180, 90],
			"translation": [0, 0, 8],
			"scale": [2, 2, 2]
		},
		"fixed": {
			"translation": [0, 0, -4],
			"scale": [2.99, 2.99, 2.99]
		}
	},
	"groups": [
		{
			"name": "blade",
			"origin": [0, 0, 0],
			"color": 0,
			"children": [0, 1, 2, 3]
		},
		{
			"name": "Emiter",
			"origin": [0, 0, 0],
			"color": 1,
			"children": [4, 5]
		},
		{
			"name": "Switch",
			"origin": [8, 8, 8],
			"color": 2,
			"children": [6, 7]
		},
		{
			"name": "Grip",
			"origin": [0, 0, 0],
			"color": 3,
			"children": [8]
		},
		{
			"name": "Pommel",
			"origin": [8, 8, 8],
			"color": 4,
			"children": [9, 10, 11, 12, 13, 14, 15, 16]
		}
	]
}