{
	"credit": "Made with Blockbench",
	"texture_size": [32, 32],
	"textures": {
		"0": "./saiko_handle",
		"1": "optifine/cit/lightsabers/blades/inside",
		"2": "optifine/cit/lightsabers/blades/yellow",
		"particle": "./saiko_handle"
	},
	"elements": [
		{
			"from": [9, 32, 9],
			"to": [7, 0, 7],
			"shade": false,
			"faces": {
				"north": {"uv": [0.5, 0.5, 1, 16], "texture": "#2"},
				"east": {"uv": [0, 0.5, 0.5, 16], "texture": "#2"},
				"south": {"uv": [1.5, 0.5, 2, 16], "texture": "#2"},
				"west": {"uv": [1, 0.5, 1.5, 16], "texture": "#2"},
				"up": {"uv": [1, 0.5, 0.5, 0], "texture": "#2"},
				"down": {"uv": [1.5, 0, 1, 0.5], "texture": "#2"}
			}
			
		},
		{
			"from": [7.5, 0, 7.5],
			"to": [8.5, 31.5, 8.5],
			"faces": {
				"north": {"uv": [0.5, 0.5, 1, 16], "texture": "#1"},
				"east": {"uv": [0, 0.5, 0.5, 16], "texture": "#1"},
				"south": {"uv": [1.5, 0.5, 2, 16], "texture": "#1"},
				"west": {"uv": [1, 0.5, 1.5, 16], "texture": "#1"},
				"up": {"uv": [1, 0.5, 0.5, 0], "texture": "#1"},
				"down": {"uv": [1.5, 0, 1, 0.5], "texture": "#1"}
			}
		},
		{
			"from": [6.5, -4, 6.5],
			"to": [9.5, 2, 6.5],
			"faces": {
				"north": {"uv": [0, 7.5, 1.5, 10.5], "texture": "#0"},
				"east": {"uv": [0, 7.5, 0, 10.5], "texture": "#0"},
				"south": {"uv": [1.5, 7.5, 3, 10.5], "texture": "#0"},
				"west": {"uv": [1.5, 7.5, 1.5, 10.5], "texture": "#0"},
				"up": {"uv": [1.5, 7.5, 0, 7.5], "texture": "#0"},
				"down": {"uv": [3, 7.5, 1.5, 7.5], "texture": "#0"}
			}
		},
		{
			"from": [6.5, -3, 6.5],
			"to": [6.5, 1, 7.5],
			"faces": {
				"north": {"uv": [5.5, 9.5, 5.5, 11.5], "texture": "#0"},
				"east": {"uv": [5, 9.5, 5.5, 11.5], "texture": "#0"},
				"south": {"uv": [6, 9.5, 6, 11.5], "texture": "#0"},
				"west": {"uv": [5.5, 9.5, 6, 11.5], "texture": "#0"},
				"up": {"uv": [5.5, 9.5, 5.5, 9], "texture": "#0"},
				"down": {"uv": [5.5, 9, 5.5, 9.5], "texture": "#0"}
			}
		},
		{
			"from": [9.5, -3, 6.5],
			"to": [9.5, 1, 7.5],
			"faces": {
				"north": {"uv": [4.5, 9.5, 4.5, 11.5], "texture": "#0"},
				"east": {"uv": [4, 9.5, 4.5, 11.5], "texture": "#0"},
				"south": {"uv": [5, 9.5, 5, 11.5], "texture": "#0"},
				"west": {"uv": [4.5, 9.5, 5, 11.5], "texture": "#0"},
				"up": {"uv": [4.5, 9.5, 4.5, 9], "texture": "#0"},
				"down": {"uv": [4.5, 9, 4.5, 9.5], "texture": "#0"}
			}
		},
		{
			"from": [9.5, -2, 8.5],
			"to": [9.5, 2, 9.5],
			"faces": {
				"north": {"uv": [3.5, 9.5, 3.5, 11.5], "texture": "#0"},
				"east": {"uv": [3, 9.5, 3.5, 11.5], "texture": "#0"},
				"south": {"uv": [4, 9.5, 4, 11.5], "texture": "#0"},
				"west": {"uv": [3.5, 9.5, 4, 11.5], "texture": "#0"},
				"up": {"uv": [3.5, 9.5, 3.5, 9], "texture": "#0"},
				"down": {"uv": [3.5, 9, 3.5, 9.5], "texture": "#0"}
			}
		},
		{
			"from": [6.5, -3, 9.5],
			"to": [9.5, 3, 9.5],
			"faces": {
				"north": {"uv": [6, 6, 7.5, 9], "texture": "#0"},
				"east": {"uv": [6, 6, 6, 9], "texture": "#0"},
				"south": {"uv": [7.5, 6, 9, 9], "texture": "#0"},
				"west": {"uv": [7.5, 6, 7.5, 9], "texture": "#0"},
				"up": {"uv": [7.5, 6, 6, 6], "texture": "#0"},
				"down": {"uv": [9, 6, 7.5, 6], "texture": "#0"}
			}
		},
		{
			"from": [6.5, -2, 8.5],
			"to": [6.5, 2, 9.5],
			"faces": {
				"north": {"uv": [7.5, 9, 7.5, 11], "texture": "#0"},
				"east": {"uv": [7, 9, 7.5, 11], "texture": "#0"},
				"south": {"uv": [8, 9, 8, 11], "texture": "#0"},
				"west": {"uv": [7.5, 9, 8, 11], "texture": "#0"},
				"up": {"uv": [7.5, 9, 7.5, 8.5], "texture": "#0"},
				"down": {"uv": [7.5, 8.5, 7.5, 9], "texture": "#0"}
			}
		},
		{
			"from": [7, -4, 7],
			"to": [9, -3, 9],
			"faces": {
				"north": {"uv": [4, 9, 5, 9.5], "texture": "#0"},
				"east": {"uv": [3, 9, 4, 9.5], "texture": "#0"},
				"south": {"uv": [6, 9, 7, 9.5], "texture": "#0"},
				"west": {"uv": [5, 9, 6, 9.5], "texture": "#0"},
				"up": {"uv": [5, 9, 4, 8], "texture": "#0"},
				"down": {"uv": [6, 8, 5, 9], "texture": "#0"}
			}
		},
		{
			"from": [8.5, -4.5, 9],
			"to": [8.5, -3.5, 10],
			"faces": {
				"north": {"uv": [0.5, 1, 0.5, 1.5], "texture": "#0"},
				"east": {"uv": [0, 1, 0.5, 1.5], "texture": "#0"},
				"south": {"uv": [1, 1, 1, 1.5], "texture": "#0"},
				"west": {"uv": [0.5, 1, 1, 1.5], "texture": "#0"},
				"up": {"uv": [0.5, 1, 0.5, 0.5], "texture": "#0"},
				"down": {"uv": [0.5, 0.5, 0.5, 1], "texture": "#0"}
			}
		},
		{
			"from": [7.5, -4.5, 9],
			"to": [7.5, -3.5, 10],
			"faces": {
				"north": {"uv": [0.5, 0.5, 0.5, 1], "texture": "#0"},
				"east": {"uv": [0, 0.5, 0.5, 1], "texture": "#0"},
				"south": {"uv": [1, 0.5, 1, 1], "texture": "#0"},
				"west": {"uv": [0.5, 0.5, 1, 1], "texture": "#0"},
				"up": {"uv": [0.5, 0.5, 0.5, 0], "texture": "#0"},
				"down": {"uv": [0.5, 0, 0.5, 0.5], "texture": "#0"}
			}
		},
		{
			"from": [7.5, -3, 7.5],
			"to": [8.5, -2, 8.5],
			"faces": {
				"north": {"uv": [5, 0.5, 5.5, 1], "texture": "#0"},
				"east": {"uv": [4.5, 0.5, 5, 1], "texture": "#0"},
				"south": {"uv": [6, 0.5, 6.5, 1], "texture": "#0"},
				"west": {"uv": [5.5, 0.5, 6, 1], "texture": "#0"},
				"up": {"uv": [5.5, 0.5, 5, 0], "texture": "#0"},
				"down": {"uv": [6, 0, 5.5, 0.5], "texture": "#0"}
			}
		},
		{
			"from": [7, -2, 7],
			"to": [9, 0, 9],
			"faces": {
				"north": {"uv": [7, 1, 8, 2], "texture": "#0"},
				"east": {"uv": [6, 1, 7, 2], "texture": "#0"},
				"south": {"uv": [9, 1, 10, 2], "texture": "#0"},
				"west": {"uv": [8, 1, 9, 2], "texture": "#0"},
				"up": {"uv": [8, 1, 7, 0], "texture": "#0"},
				"down": {"uv": [9, 0, 8, 1], "texture": "#0"}
			}
		},
		{
			"from": [6.5, -7, 6.5],
			"to": [9.5, -5, 9.5],
			"faces": {
				"north": {"uv": [1.5, 6.5, 3, 7.5], "texture": "#0"},
				"east": {"uv": [0, 6.5, 1.5, 7.5], "texture": "#0"},
				"south": {"uv": [4.5, 6.5, 6, 7.5], "texture": "#0"},
				"west": {"uv": [3, 6.5, 4.5, 7.5], "texture": "#0"},
				"up": {"uv": [3, 6.5, 1.5, 5], "texture": "#0"},
				"down": {"uv": [4.5, 5, 3, 6.5], "texture": "#0"}
			}
		},
		{
			"from": [7.5, -7.5, 5.5],
			"to": [8.5, -5.5, 6.5],
			"faces": {
				"north": {"uv": [9, 9, 9.5, 10], "texture": "#0"},
				"east": {"uv": [8.5, 9, 9, 10], "texture": "#0"},
				"south": {"uv": [10, 9, 10.5, 10], "texture": "#0"},
				"west": {"uv": [9.5, 9, 10, 10], "texture": "#0"},
				"up": {"uv": [9.5, 9, 9, 8.5], "texture": "#0"},
				"down": {"uv": [10, 8.5, 9.5, 9], "texture": "#0"}
			}
		},
		{
			"from": [7, -5, 7],
			"to": [9, -4, 9],
			"faces": {
				"north": {"uv": [7, 3, 8, 3.5], "texture": "#0"},
				"east": {"uv": [6, 3, 7, 3.5], "texture": "#0"},
				"south": {"uv": [9, 3, 10, 3.5], "texture": "#0"},
				"west": {"uv": [8, 3, 9, 3.5], "texture": "#0"},
				"up": {"uv": [8, 3, 7, 2], "texture": "#0"},
				"down": {"uv": [9, 2, 8, 3], "texture": "#0"}
			}
		},
		{
			"from": [6.5, -14, 6.5],
			"to": [9.5, -7, 9.5],
			"faces": {
				"north": {"uv": [1.5, 1.5, 3, 5], "texture": "#0"},
				"east": {"uv": [0, 1.5, 1.5, 5], "texture": "#0"},
				"south": {"uv": [4.5, 1.5, 6, 5], "texture": "#0"},
				"west": {"uv": [3, 1.5, 4.5, 5], "texture": "#0"},
				"up": {"uv": [3, 1.5, 1.5, 0], "texture": "#0"},
				"down": {"uv": [4.5, 0, 3, 1.5], "texture": "#0"}
			}
		},
		{
			"from": [6.5, -16, 6.5],
			"to": [9.5, -14, 9.5],
			"faces": {
				"north": {"uv": [6, 5, 7.5, 6], "texture": "#0"},
				"east": {"uv": [4.5, 5, 6, 6], "texture": "#0"},
				"south": {"uv": [9, 5, 10.5, 6], "texture": "#0"},
				"west": {"uv": [7.5, 5, 9, 6], "texture": "#0"},
				"up": {"uv": [7.5, 5, 6, 3.5], "texture": "#0"},
				"down": {"uv": [9, 3.5, 7.5, 5], "texture": "#0"}
			}
		}
	],
	"gui_light": "front",
	"display": {
		"thirdperson_righthand": {
			"rotation": [0, 90, 0],
			"translation": [0, 12, 1.25],
			"scale": [0.75, 0.75, 0.75]
		},
		"thirdperson_lefthand": {
			"rotation": [0, 90, 0],
			"translation": [0, 12, 1.25],
			"scale": [0.75, 0.75, 0.75]
		},
		"firstperson_righthand": {
			"rotation": [0, 45, 0],
			"translation": [0, 7.25, 1.25],
			"scale": [0.5, 0.5, 0.5]
		},
		"firstperson_lefthand": {
			"rotation": [0, 45, 0],
			"translation": [0, 7.25, 1.25],
			"scale": [0.5, 0.5, 0.5]
		},
		"ground": {
			"rotation": [45, 0, 0],
			"translation": [0, 7, 0],
			"scale": [0.5, 0.5, 0.5]
		},
		"gui": {
			"rotation": [30, 225, 68],
			"scale": [0.5, 0.5, 0.5]
		},
		"head": {
			"rotation": [0, 180, 0],
			"translation": [0, 13, 8]
		},
		"fixed": {
			"translation": [0, 24, -4],
			"scale": [1.5, 1.5, 1.5]
		}
	},
	"groups": [
		{
			"name": "blade",
			"origin": [0, 0, 0],
			"color": 0,
			"children": [0, 1]
		},
		{
			"name": "Emiter",
			"origin": [0, 0, 0],
			"color": 0,
			"children": [2, 3, 4, 5, 6, 7, 8, 9, 10, 11, 12]
		},
		{
			"name": "Switch",
			"origin": [8, 8, 8],
			"color": 0,
			"children": [13, 14, 15]
		},
		{
			"name": "Grip",
			"origin": [0, 0, 0],
			"color": 0,
			"children": [16]
		},
		{
			"name": "Pommel",
			"origin": [8, 8, 8],
			"color": 0,
			"children": [17]
		}
	]
}